{
    "$schema": "https://schema.management.azure.com/schemas/2015-01-01/deploymentParameters.json#",
    "contentVersion": "1.0.0.0",
    "parameters": {
        "subscriptionId": {
            "value": "d2d4f224-d84d-4312-ba79-1478912eb87a"
        },
        "resourceGroupName": {
            "value": "Test_0"
        },
        "name": {
            "value": "WebAppTestPt"
        },
        "location": {
            "value": "Spain Central"
        },
        "hostingPlanName": {
            "value": "ASP-Test0-8f72"
        },
        "serverFarmResourceGroup": {
            "value": "Test_0"
        },
        "alwaysOn": {
            "value": false
        },
        "ftpsState": {
            "value": "FtpsOnly"
        },
        "autoGeneratedDomainNameLabelScope": {
            "value": "TenantReuse"
        },
        "sku": {
            "value": "Free"
        },
        "skuCode": {
            "value": "F1"
        },
        "numberOfWorkers": {
            "value": "1"
        },
        "workerSize": {
            "value": "0"
        },
        "workerSizeId": {
            "value": "0"
        },
        "linuxFxVersion": {
            "value": "PYTHON|3.13"
        }
    }
}